<?xml version="1.0" encoding="utf-8"?>
<!--/762642/165372/2.49/12/4/Connector/-->
<quadcept_library>
  <setting unit="mil" />
  <textstyle name="Default" height="47.244094488189" strokewidth="7.8740157480315" charwidth="47.244094488189" />
  <textstyle name="Dimension" height="19.6850393700787" strokewidth="0" charwidth="19.6850393700787" />
  <textstyle name="H127W0635TH00762" height="50" strokewidth="3" charwidth="25" />
  <textstyle name="H15W15TH02" height="59.0551181102362" strokewidth="7.8740157480315" charwidth="59.0551181102362" />
  <padstyle name="r150_80" surface="True" plated="False" isvia="False" nopaste="False" nomask="True" complex="False" holesize="0">
    <padshape layer="TOP" shape="rectangle" width="31.496062992126" height="59.055118110235" />
    <padshape layer="TOP_SOLDER_MASK" shape="rectangle" width="39.370078740157" height="66.929133858267" />
    <padshape layer="TOP_SOLDER_PASTE" shape="rectangle" width="31.496062992126" height="59.055118110235" />
  </padstyle>
  <padstyle name="r200_145" surface="True" plated="False" isvia="False" nopaste="False" nomask="True" complex="False" holesize="0">
    <padshape layer="TOP" shape="rectangle" width="57.086614173228" height="78.740157480314" />
    <padshape layer="TOP_SOLDER_MASK" shape="rectangle" width="64.960629921259" height="86.614173228345" />
    <padshape layer="TOP_SOLDER_PASTE" shape="rectangle" width="57.086614173228" height="78.740157480314" />
  </padstyle>
  <footprint name="5009010801" originx="0" originy="0" pickpointx="0" pickpointy="0">
    <pcbpin number="1" name="1" style="r150_80" originx="-125.9842519685" originy="106.29921259842" rotation="0" />
    <pcbpin number="2" name="2" style="r150_80" originx="-82.67716535433" originy="106.29921259842" rotation="0" />
    <pcbpin number="3" name="3" style="r150_80" originx="-39.370078740157" originy="106.29921259842" rotation="0" />
    <pcbpin number="4" name="4" style="r150_80" originx="3.9370078740157" originy="106.29921259842" rotation="0" />
    <pcbpin number="5" name="5" style="r150_80" originx="47.244094488188" originy="106.29921259842" rotation="0" />
    <pcbpin number="6" name="6" style="r150_80" originx="90.551181102361" originy="106.29921259842" rotation="0" />
    <pcbpin number="7" name="7" style="r150_80" originx="133.85826771653" originy="106.29921259842" rotation="0" />
    <pcbpin number="8" name="8" style="r150_80" originx="177.16535433071" originy="106.29921259842" rotation="0" />
    <pcbpin number="9" name="MP1" style="r200_145" originx="-270.66929133858" originy="208.66141732283" rotation="0" />
    <pcbpin number="10" name="MP2" style="r200_145" originx="-270.66929133858" originy="-118.11023622047" rotation="0" />
    <pcbpin number="11" name="MP3" style="r200_145" originx="270.66929133858" originy="-118.11023622047" rotation="0" />
    <pcbpin number="12" name="MP4" style="r200_145" originx="270.66929133858" originy="208.66141732283" rotation="0" />
    <line layer="TOP_ASSEMBLY" originx="-267.71653543307" originy="261.81102362204" endx="267.71653543307" endy="261.81102362204" width="7.8740157480314" />
    <line layer="TOP_ASSEMBLY" originx="267.71653543307" originy="261.81102362204" endx="267.71653543307" endy="-261.81102362204" width="7.8740157480314" />
    <line layer="TOP_ASSEMBLY" originx="267.71653543307" originy="-261.81102362204" endx="-267.71653543307" endy="-261.81102362204" width="7.8740157480314" />
    <line layer="TOP_ASSEMBLY" originx="-267.71653543307" originy="-261.81102362204" endx="-267.71653543307" endy="261.81102362204" width="7.8740157480314" />
    <line layer="TOP_PLACE_BOUND" originx="-338.58267716535" originy="301.1811023622" endx="338.58267716535" endy="301.1811023622" width="3.9370078740157" />
    <line layer="TOP_PLACE_BOUND" originx="338.58267716535" originy="301.1811023622" endx="338.58267716535" endy="-301.1811023622" width="3.9370078740157" />
    <line layer="TOP_PLACE_BOUND" originx="338.58267716535" originy="-301.1811023622" endx="-338.58267716535" endy="-301.1811023622" width="3.9370078740157" />
    <line layer="TOP_PLACE_BOUND" originx="-338.58267716535" originy="-301.1811023622" endx="-338.58267716535" endy="301.1811023622" width="3.9370078740157" />
    <line layer="TOP_SILKSCREEN" originx="-267.71653543307" originy="261.81102362204" endx="267.71653543307" endy="261.81102362204" width="3.9370078740157" />
    <line layer="TOP_SILKSCREEN" originx="-267.71653543307" originy="-173.22834645669" endx="-267.71653543307" endy="-261.81102362204" width="3.9370078740157" />
    <line layer="TOP_SILKSCREEN" originx="-267.71653543307" originy="-261.81102362204" endx="267.71653543307" endy="-261.81102362204" width="3.9370078740157" />
    <line layer="TOP_SILKSCREEN" originx="267.71653543307" originy="-261.81102362204" endx="267.71653543307" endy="-173.22834645669" width="3.9370078740157" />
    <line layer="TOP_SILKSCREEN" originx="267.71653543307" originy="-62.992125984251" endx="267.71653543307" endy="149.6062992126" width="3.9370078740157" />
    <line layer="TOP_SILKSCREEN" originx="-267.71653543307" originy="-62.992125984251" endx="-267.71653543307" endy="149.6062992126" width="3.9370078740157" />
    <line layer="TOP_SILKSCREEN" originx="-291.33858267716" originy="102.36220472441" endx="-291.33858267716" endy="102.36220472441" width="3.9370078740157" />
    <arc layer="TOP_SILKSCREEN" originx="-293.30708661417" originy="102.36220472441" startangle=".0" sweepangle="180.0" radius="1.9685039370079" width="3.9370078740157" />
    <line layer="TOP_SILKSCREEN" originx="-295.27559055118" originy="102.36220472441" endx="-295.27559055118" endy="102.36220472441" width="3.9370078740157" />
    <arc layer="TOP_SILKSCREEN" originx="-293.30708661417" originy="102.36220472441" startangle="180.0" sweepangle="180.0" radius="1.9685039370079" width="3.9370078740157" />
  </footprint>
  <symbol name="5009010801" originx="0" originy="0">
    <line originx="200" originy="100" endx="700" endy="100" width="0" />
    <line originx="700" originy="-600" endx="700" endy="100" width="0" />
    <line originx="700" originy="-600" endx="200" endy="-600" width="0" />
    <line originx="200" originy="100" endx="200" endy="-600" width="0" />
    <sympin number="1" originx="200" originy="0" rotation="180" length="100" width="7.8740157480315" flipped="False">
      <text name="pinname" originx="230" originy="0" style="Default" rotation="0" justify="left" flipped="False" hidden="False" data="1" />
      <text name="pindes" originx="140" originy="20" style="Default" rotation="0" justify="lowerright" flipped="False" hidden="False" data="1" />
    </sympin>
    <sympin number="2" originx="200" originy="-100" rotation="180" length="100" width="7.8740157480315" flipped="False">
      <text name="pinname" originx="230" originy="-100" style="Default" rotation="0" justify="left" flipped="False" hidden="False" data="2" />
      <text name="pindes" originx="140" originy="-80" style="Default" rotation="0" justify="lowerright" flipped="False" hidden="False" data="2" />
    </sympin>
    <sympin number="3" originx="200" originy="-200" rotation="180" length="100" width="7.8740157480315" flipped="False">
      <text name="pinname" originx="230" originy="-200" style="Default" rotation="0" justify="left" flipped="False" hidden="False" data="3" />
      <text name="pindes" originx="140" originy="-180" style="Default" rotation="0" justify="lowerright" flipped="False" hidden="False" data="3" />
    </sympin>
    <sympin number="4" originx="200" originy="-300" rotation="180" length="100" width="7.8740157480315" flipped="False">
      <text name="pinname" originx="230" originy="-300" style="Default" rotation="0" justify="left" flipped="False" hidden="False" data="4" />
      <text name="pindes" originx="140" originy="-280" style="Default" rotation="0" justify="lowerright" flipped="False" hidden="False" data="4" />
    </sympin>
    <sympin number="5" originx="200" originy="-400" rotation="180" length="100" width="7.8740157480315" flipped="False">
      <text name="pinname" originx="230" originy="-400" style="Default" rotation="0" justify="left" flipped="False" hidden="False" data="5" />
      <text name="pindes" originx="140" originy="-380" style="Default" rotation="0" justify="lowerright" flipped="False" hidden="False" data="5" />
    </sympin>
    <sympin number="6" originx="200" originy="-500" rotation="180" length="100" width="7.8740157480315" flipped="False">
      <text name="pinname" originx="230" originy="-500" style="Default" rotation="0" justify="left" flipped="False" hidden="False" data="6" />
      <text name="pindes" originx="140" originy="-480" style="Default" rotation="0" justify="lowerright" flipped="False" hidden="False" data="6" />
    </sympin>
    <sympin number="7" originx="700" originy="0" rotation="0" length="100" width="7.8740157480315" flipped="False">
      <text name="pinname" originx="670" originy="0" style="Default" rotation="0" justify="right" flipped="False" hidden="False" data="7" />
      <text name="pindes" originx="760" originy="20" style="Default" rotation="0" justify="lowerleft" flipped="False" hidden="False" data="7" />
    </sympin>
    <sympin number="8" originx="700" originy="-100" rotation="0" length="100" width="7.8740157480315" flipped="False">
      <text name="pinname" originx="670" originy="-100" style="Default" rotation="0" justify="right" flipped="False" hidden="False" data="8" />
      <text name="pindes" originx="760" originy="-80" style="Default" rotation="0" justify="lowerleft" flipped="False" hidden="False" data="8" />
    </sympin>
    <sympin number="9" originx="700" originy="-200" rotation="0" length="100" width="7.8740157480315" flipped="False">
      <text name="pinname" originx="670" originy="-200" style="Default" rotation="0" justify="right" flipped="False" hidden="False" data="MP1" />
      <text name="pindes" originx="760" originy="-180" style="Default" rotation="0" justify="lowerleft" flipped="False" hidden="False" data="MP1" />
    </sympin>
    <sympin number="10" originx="700" originy="-300" rotation="0" length="100" width="7.8740157480315" flipped="False">
      <text name="pinname" originx="670" originy="-300" style="Default" rotation="0" justify="right" flipped="False" hidden="False" data="MP2" />
      <text name="pindes" originx="760" originy="-280" style="Default" rotation="0" justify="lowerleft" flipped="False" hidden="False" data="MP2" />
    </sympin>
    <sympin number="11" originx="700" originy="-400" rotation="0" length="100" width="7.8740157480315" flipped="False">
      <text name="pinname" originx="670" originy="-400" style="Default" rotation="0" justify="right" flipped="False" hidden="False" data="MP3" />
      <text name="pindes" originx="760" originy="-380" style="Default" rotation="0" justify="lowerleft" flipped="False" hidden="False" data="MP3" />
    </sympin>
    <sympin number="12" originx="700" originy="-500" rotation="0" length="100" width="7.8740157480315" flipped="False">
      <text name="pinname" originx="670" originy="-500" style="Default" rotation="0" justify="right" flipped="False" hidden="False" data="MP4" />
      <text name="pindes" originx="760" originy="-480" style="Default" rotation="0" justify="lowerleft" flipped="False" hidden="False" data="MP4" />
    </sympin>
  </symbol>
  <component name="5009010801" designatorprefix="J" height="83.858267716534" footprint="5009010801">
    <comppin designator="1" sympin="1" pinswap="0" gateswap="0" gate="1" group="1" side="" type="Any" name="1" />
    <comppin designator="2" sympin="2" pinswap="0" gateswap="0" gate="1" group="1" side="" type="Any" name="2" />
    <comppin designator="3" sympin="3" pinswap="0" gateswap="0" gate="1" group="1" side="" type="Any" name="3" />
    <comppin designator="4" sympin="4" pinswap="0" gateswap="0" gate="1" group="1" side="" type="Any" name="4" />
    <comppin designator="5" sympin="5" pinswap="0" gateswap="0" gate="1" group="1" side="" type="Any" name="5" />
    <comppin designator="6" sympin="6" pinswap="0" gateswap="0" gate="1" group="1" side="" type="Any" name="6" />
    <comppin designator="7" sympin="7" pinswap="0" gateswap="0" gate="1" group="1" side="" type="Any" name="7" />
    <comppin designator="8" sympin="8" pinswap="0" gateswap="0" gate="1" group="1" side="" type="Any" name="8" />
    <comppin designator="MP1" sympin="9" pinswap="0" gateswap="0" gate="1" group="1" side="" type="Any" name="MP1" />
    <comppin designator="MP2" sympin="10" pinswap="0" gateswap="0" gate="1" group="1" side="" type="Any" name="MP2" />
    <comppin designator="MP3" sympin="11" pinswap="0" gateswap="0" gate="1" group="1" side="" type="Any" name="MP3" />
    <comppin designator="MP4" sympin="12" pinswap="0" gateswap="0" gate="1" group="1" side="" type="Any" name="MP4" />
    <attached_symbol gate="1" name="5009010801" />
    <pinmap designator="1" footprintpin="1" />
    <pinmap designator="2" footprintpin="2" />
    <pinmap designator="3" footprintpin="3" />
    <pinmap designator="4" footprintpin="4" />
    <pinmap designator="5" footprintpin="5" />
    <pinmap designator="6" footprintpin="6" />
    <pinmap designator="7" footprintpin="7" />
    <pinmap designator="8" footprintpin="8" />
    <pinmap designator="MP1" footprintpin="9" />
    <pinmap designator="MP2" footprintpin="10" />
    <pinmap designator="MP3" footprintpin="11" />
    <pinmap designator="MP4" footprintpin="12" />
    <text name="Datasheet" originx="0" originy="0" style="Default" rotation="0" justify="" flipped="False" hidden="True" data="https://www.molex.com/pdm_docs/sd/5009010801_sd.pdf" />
    <text name="Description" originx="0" originy="0" style="Default" rotation="0" justify="" flipped="False" hidden="True" data="Conn Micro SD Card HDR 8 POS 1.1mm Solder RA SMD 0.5A/Contact T/R" />
    <text name="Manufacturer_Name" originx="0" originy="0" style="Default" rotation="0" justify="" flipped="False" hidden="True" data="Molex" />
    <text name="Manufacturer_Part_Number" originx="750" originy="200" style="Default" rotation="0" justify="left" flipped="False" hidden="False" data="5009010801" />
    <text name="Mouser Part Number" originx="0" originy="0" style="Default" rotation="0" justify="" flipped="False" hidden="True" data="" />
    <text name="Mouser Price/Stock" originx="0" originy="0" style="Default" rotation="0" justify="" flipped="False" hidden="True" data="" />
    <text name="Arrow Part Number" originx="0" originy="0" style="Default" rotation="0" justify="" flipped="False" hidden="True" data="5009010801" />
    <text name="Arrow Price/Stock" originx="0" originy="0" style="Default" rotation="0" justify="" flipped="False" hidden="True" data="https://www.arrow.com/en/products/5009010801/molex?region=europe" />
    <text name="Mouser Testing Part Number" originx="0" originy="0" style="Default" rotation="0" justify="" flipped="False" hidden="True" data="" />
    <text name="Mouser Testing Price/Stock" originx="0" originy="0" style="Default" rotation="0" justify="" flipped="False" hidden="True" data="" />
  </component>
</quadcept_library>
