<?xml version="1.0" encoding="UTF-8"?>
<export version="E">
  <design>
    <source>D:\PCB Projects\Flight Controller\flight_controller\flight_controller.kicad_sch</source>
    <date>01-09-2022 12:50:30</date>
    <tool>Eeschema (6.0.2)</tool>
    <sheet number="1" name="/" tstamps="/">
      <title_block>
        <title>Flight Controller</title>
        <company>Apogee GNSS PVT LTD</company>
        <rev>1.0</rev>
        <date>2022-09-01</date>
        <source>flight_controller.kicad_sch</source>
        <comment number="1" value=""/>
        <comment number="2" value=""/>
        <comment number="3" value=""/>
        <comment number="4" value=""/>
        <comment number="5" value=""/>
        <comment number="6" value=""/>
        <comment number="7" value=""/>
        <comment number="8" value=""/>
        <comment number="9" value=""/>
      </title_block>
    </sheet>
  </design>
  <components>
    <comp ref="U1">
      <value>STM32H753ZITx</value>
      <footprint>Package_QFP:LQFP-144_20x20mm_P0.5mm</footprint>
      <datasheet>http://www.st.com/st-web-ui/static/active/en/resource/technical/document/datasheet/DM00388325.pdf</datasheet>
      <libsource lib="MCU_ST_STM32H7" part="STM32H753ZITx" description="ARM Cortex-M7 MCU, 2048KB flash, 864KB RAM, 400MHz, 1.7-3.6V, 114 GPIO, LQFP-144"/>
      <property name="Sheetname" value=""/>
      <property name="Sheetfile" value="flight_controller.kicad_sch"/>
      <sheetpath names="/" tstamps="/"/>
      <tstamps>5a319d05-1a85-43fe-a179-ebcee7212a03</tstamps>
    </comp>
  </components>
  <libparts>
    <libpart lib="MCU_ST_STM32H7" part="STM32H753ZITx">
      <description>ARM Cortex-M7 MCU, 2048KB flash, 864KB RAM, 400MHz, 1.7-3.6V, 114 GPIO, LQFP-144</description>
      <docs>http://www.st.com/st-web-ui/static/active/en/resource/technical/document/datasheet/DM00388325.pdf</docs>
      <footprints>
        <fp>LQFP*20x20mm*P0.5mm*</fp>
      </footprints>
      <fields>
        <field name="Reference">U</field>
        <field name="Value">STM32H753ZITx</field>
        <field name="Footprint">Package_QFP:LQFP-144_20x20mm_P0.5mm</field>
        <field name="Datasheet">http://www.st.com/st-web-ui/static/active/en/resource/technical/document/datasheet/DM00388325.pdf</field>
      </fields>
      <pins>
        <pin num="1" name="PE2" type="bidirectional"/>
        <pin num="2" name="PE3" type="bidirectional"/>
        <pin num="3" name="PE4" type="bidirectional"/>
        <pin num="4" name="PE5" type="bidirectional"/>
        <pin num="5" name="PE6" type="bidirectional"/>
        <pin num="6" name="VBAT" type="power_in"/>
        <pin num="7" name="PC13" type="bidirectional"/>
        <pin num="8" name="PC14" type="bidirectional"/>
        <pin num="9" name="PC15" type="bidirectional"/>
        <pin num="10" name="PF0" type="bidirectional"/>
        <pin num="11" name="PF1" type="bidirectional"/>
        <pin num="12" name="PF2" type="bidirectional"/>
        <pin num="13" name="PF3" type="bidirectional"/>
        <pin num="14" name="PF4" type="bidirectional"/>
        <pin num="15" name="PF5" type="bidirectional"/>
        <pin num="16" name="VSS" type="power_in"/>
        <pin num="17" name="VDD" type="power_in"/>
        <pin num="18" name="PF6" type="bidirectional"/>
        <pin num="19" name="PF7" type="bidirectional"/>
        <pin num="20" name="PF8" type="bidirectional"/>
        <pin num="21" name="PF9" type="bidirectional"/>
        <pin num="22" name="PF10" type="bidirectional"/>
        <pin num="23" name="PH0" type="input"/>
        <pin num="24" name="PH1" type="input"/>
        <pin num="25" name="NRST" type="input"/>
        <pin num="26" name="PC0" type="bidirectional"/>
        <pin num="27" name="PC1" type="bidirectional"/>
        <pin num="28" name="PC2_C" type="bidirectional"/>
        <pin num="29" name="PC3_C" type="bidirectional"/>
        <pin num="30" name="VDD" type="power_in"/>
        <pin num="31" name="VSSA" type="power_in"/>
        <pin num="32" name="VREF+" type="bidirectional"/>
        <pin num="33" name="VDDA" type="power_in"/>
        <pin num="34" name="PA0" type="bidirectional"/>
        <pin num="35" name="PA1" type="bidirectional"/>
        <pin num="36" name="PA2" type="bidirectional"/>
        <pin num="37" name="PA3" type="bidirectional"/>
        <pin num="38" name="VSS" type="power_in"/>
        <pin num="39" name="VDD" type="power_in"/>
        <pin num="40" name="PA4" type="bidirectional"/>
        <pin num="41" name="PA5" type="bidirectional"/>
        <pin num="42" name="PA6" type="bidirectional"/>
        <pin num="43" name="PA7" type="bidirectional"/>
        <pin num="44" name="PC4" type="bidirectional"/>
        <pin num="45" name="PC5" type="bidirectional"/>
        <pin num="46" name="PB0" type="bidirectional"/>
        <pin num="47" name="PB1" type="bidirectional"/>
        <pin num="48" name="PB2" type="bidirectional"/>
        <pin num="49" name="PF11" type="bidirectional"/>
        <pin num="50" name="PF12" type="bidirectional"/>
        <pin num="51" name="VSS" type="power_in"/>
        <pin num="52" name="VDD" type="power_in"/>
        <pin num="53" name="PF13" type="bidirectional"/>
        <pin num="54" name="PF14" type="bidirectional"/>
        <pin num="55" name="PF15" type="bidirectional"/>
        <pin num="56" name="PG0" type="bidirectional"/>
        <pin num="57" name="PG1" type="bidirectional"/>
        <pin num="58" name="PE7" type="bidirectional"/>
        <pin num="59" name="PE8" type="bidirectional"/>
        <pin num="60" name="PE9" type="bidirectional"/>
        <pin num="61" name="VSS" type="power_in"/>
        <pin num="62" name="VDD" type="power_in"/>
        <pin num="63" name="PE10" type="bidirectional"/>
        <pin num="64" name="PE11" type="bidirectional"/>
        <pin num="65" name="PE12" type="bidirectional"/>
        <pin num="66" name="PE13" type="bidirectional"/>
        <pin num="67" name="PE14" type="bidirectional"/>
        <pin num="68" name="PE15" type="bidirectional"/>
        <pin num="69" name="PB10" type="bidirectional"/>
        <pin num="70" name="PB11" type="bidirectional"/>
        <pin num="71" name="VCAP1" type="power_in"/>
        <pin num="72" name="VDD" type="power_in"/>
        <pin num="73" name="PB12" type="bidirectional"/>
        <pin num="74" name="PB13" type="bidirectional"/>
        <pin num="75" name="PB14" type="bidirectional"/>
        <pin num="76" name="PB15" type="bidirectional"/>
        <pin num="77" name="PD8" type="bidirectional"/>
        <pin num="78" name="PD9" type="bidirectional"/>
        <pin num="79" name="PD10" type="bidirectional"/>
        <pin num="80" name="PD11" type="bidirectional"/>
        <pin num="81" name="PD12" type="bidirectional"/>
        <pin num="82" name="PD13" type="bidirectional"/>
        <pin num="83" name="VSS" type="power_in"/>
        <pin num="84" name="VDD" type="power_in"/>
        <pin num="85" name="PD14" type="bidirectional"/>
        <pin num="86" name="PD15" type="bidirectional"/>
        <pin num="87" name="PG2" type="bidirectional"/>
        <pin num="88" name="PG3" type="bidirectional"/>
        <pin num="89" name="PG4" type="bidirectional"/>
        <pin num="90" name="PG5" type="bidirectional"/>
        <pin num="91" name="PG6" type="bidirectional"/>
        <pin num="92" name="PG7" type="bidirectional"/>
        <pin num="93" name="PG8" type="bidirectional"/>
        <pin num="94" name="VSS" type="power_in"/>
        <pin num="95" name="VDD33_USB" type="power_in"/>
        <pin num="96" name="PC6" type="bidirectional"/>
        <pin num="97" name="PC7" type="bidirectional"/>
        <pin num="98" name="PC8" type="bidirectional"/>
        <pin num="99" name="PC9" type="bidirectional"/>
        <pin num="100" name="PA8" type="bidirectional"/>
        <pin num="101" name="PA9" type="bidirectional"/>
        <pin num="102" name="PA10" type="bidirectional"/>
        <pin num="103" name="PA11" type="bidirectional"/>
        <pin num="104" name="PA12" type="bidirectional"/>
        <pin num="105" name="PA13" type="bidirectional"/>
        <pin num="106" name="VCAP2" type="power_in"/>
        <pin num="107" name="VSS" type="power_in"/>
        <pin num="108" name="VDD" type="power_in"/>
        <pin num="109" name="PA14" type="bidirectional"/>
        <pin num="110" name="PA15" type="bidirectional"/>
        <pin num="111" name="PC10" type="bidirectional"/>
        <pin num="112" name="PC11" type="bidirectional"/>
        <pin num="113" name="PC12" type="bidirectional"/>
        <pin num="114" name="PD0" type="bidirectional"/>
        <pin num="115" name="PD1" type="bidirectional"/>
        <pin num="116" name="PD2" type="bidirectional"/>
        <pin num="117" name="PD3" type="bidirectional"/>
        <pin num="118" name="PD4" type="bidirectional"/>
        <pin num="119" name="PD5" type="bidirectional"/>
        <pin num="120" name="VSS" type="power_in"/>
        <pin num="121" name="VDD" type="power_in"/>
        <pin num="122" name="PD6" type="bidirectional"/>
        <pin num="123" name="PD7" type="bidirectional"/>
        <pin num="124" name="PG9" type="bidirectional"/>
        <pin num="125" name="PG10" type="bidirectional"/>
        <pin num="126" name="PG11" type="bidirectional"/>
        <pin num="127" name="PG12" type="bidirectional"/>
        <pin num="128" name="PG13" type="bidirectional"/>
        <pin num="129" name="PG14" type="bidirectional"/>
        <pin num="130" name="VSS" type="power_in"/>
        <pin num="131" name="VDD" type="power_in"/>
        <pin num="132" name="PG15" type="bidirectional"/>
        <pin num="133" name="PB3" type="bidirectional"/>
        <pin num="134" name="PB4" type="bidirectional"/>
        <pin num="135" name="PB5" type="bidirectional"/>
        <pin num="136" name="PB6" type="bidirectional"/>
        <pin num="137" name="PB7" type="bidirectional"/>
        <pin num="138" name="BOOT0" type="input"/>
        <pin num="139" name="PB8" type="bidirectional"/>
        <pin num="140" name="PB9" type="bidirectional"/>
        <pin num="141" name="PE0" type="bidirectional"/>
        <pin num="142" name="PE1" type="bidirectional"/>
        <pin num="143" name="PDR_ON" type="input"/>
        <pin num="144" name="VDD" type="power_in"/>
      </pins>
    </libpart>
  </libparts>
  <libraries>
    <library logical="MCU_ST_STM32H7">
      <uri>C:\Program Files\KiCad\6.0\share\kicad\symbols\/MCU_ST_STM32H7.kicad_sym</uri>
    </library>
  </libraries>
  <nets>
    <net code="1" name="unconnected-(U1-Pad1)">
      <node ref="U1" pin="1" pinfunction="PE2" pintype="bidirectional"/>
    </net>
    <net code="2" name="unconnected-(U1-Pad2)">
      <node ref="U1" pin="2" pinfunction="PE3" pintype="bidirectional"/>
    </net>
    <net code="3" name="unconnected-(U1-Pad3)">
      <node ref="U1" pin="3" pinfunction="PE4" pintype="bidirectional"/>
    </net>
    <net code="4" name="unconnected-(U1-Pad4)">
      <node ref="U1" pin="4" pinfunction="PE5" pintype="bidirectional"/>
    </net>
    <net code="5" name="unconnected-(U1-Pad5)">
      <node ref="U1" pin="5" pinfunction="PE6" pintype="bidirectional"/>
    </net>
    <net code="6" name="unconnected-(U1-Pad6)">
      <node ref="U1" pin="6" pinfunction="VBAT" pintype="power_in"/>
    </net>
    <net code="7" name="unconnected-(U1-Pad7)">
      <node ref="U1" pin="7" pinfunction="PC13" pintype="bidirectional"/>
    </net>
    <net code="8" name="unconnected-(U1-Pad8)">
      <node ref="U1" pin="8" pinfunction="PC14" pintype="bidirectional"/>
    </net>
    <net code="9" name="unconnected-(U1-Pad9)">
      <node ref="U1" pin="9" pinfunction="PC15" pintype="bidirectional"/>
    </net>
    <net code="10" name="unconnected-(U1-Pad10)">
      <node ref="U1" pin="10" pinfunction="PF0" pintype="bidirectional"/>
    </net>
    <net code="11" name="unconnected-(U1-Pad11)">
      <node ref="U1" pin="11" pinfunction="PF1" pintype="bidirectional"/>
    </net>
    <net code="12" name="unconnected-(U1-Pad12)">
      <node ref="U1" pin="12" pinfunction="PF2" pintype="bidirectional"/>
    </net>
    <net code="13" name="unconnected-(U1-Pad13)">
      <node ref="U1" pin="13" pinfunction="PF3" pintype="bidirectional"/>
    </net>
    <net code="14" name="unconnected-(U1-Pad14)">
      <node ref="U1" pin="14" pinfunction="PF4" pintype="bidirectional"/>
    </net>
    <net code="15" name="unconnected-(U1-Pad15)">
      <node ref="U1" pin="15" pinfunction="PF5" pintype="bidirectional"/>
    </net>
    <net code="16" name="unconnected-(U1-Pad16)">
      <node ref="U1" pin="16" pinfunction="VSS" pintype="power_in"/>
    </net>
    <net code="17" name="unconnected-(U1-Pad17)">
      <node ref="U1" pin="17" pinfunction="VDD" pintype="power_in"/>
    </net>
    <net code="18" name="unconnected-(U1-Pad18)">
      <node ref="U1" pin="18" pinfunction="PF6" pintype="bidirectional"/>
    </net>
    <net code="19" name="unconnected-(U1-Pad19)">
      <node ref="U1" pin="19" pinfunction="PF7" pintype="bidirectional"/>
    </net>
    <net code="20" name="unconnected-(U1-Pad20)">
      <node ref="U1" pin="20" pinfunction="PF8" pintype="bidirectional"/>
    </net>
    <net code="21" name="unconnected-(U1-Pad21)">
      <node ref="U1" pin="21" pinfunction="PF9" pintype="bidirectional"/>
    </net>
    <net code="22" name="unconnected-(U1-Pad22)">
      <node ref="U1" pin="22" pinfunction="PF10" pintype="bidirectional"/>
    </net>
    <net code="23" name="unconnected-(U1-Pad23)">
      <node ref="U1" pin="23" pinfunction="PH0" pintype="input"/>
    </net>
    <net code="24" name="unconnected-(U1-Pad24)">
      <node ref="U1" pin="24" pinfunction="PH1" pintype="input"/>
    </net>
    <net code="25" name="unconnected-(U1-Pad25)">
      <node ref="U1" pin="25" pinfunction="NRST" pintype="input"/>
    </net>
    <net code="26" name="unconnected-(U1-Pad26)">
      <node ref="U1" pin="26" pinfunction="PC0" pintype="bidirectional"/>
    </net>
    <net code="27" name="unconnected-(U1-Pad27)">
      <node ref="U1" pin="27" pinfunction="PC1" pintype="bidirectional"/>
    </net>
    <net code="28" name="unconnected-(U1-Pad28)">
      <node ref="U1" pin="28" pinfunction="PC2_C" pintype="bidirectional"/>
    </net>
    <net code="29" name="unconnected-(U1-Pad29)">
      <node ref="U1" pin="29" pinfunction="PC3_C" pintype="bidirectional"/>
    </net>
    <net code="30" name="unconnected-(U1-Pad30)">
      <node ref="U1" pin="30" pinfunction="VDD" pintype="power_in"/>
    </net>
    <net code="31" name="unconnected-(U1-Pad31)">
      <node ref="U1" pin="31" pinfunction="VSSA" pintype="power_in"/>
    </net>
    <net code="32" name="unconnected-(U1-Pad32)">
      <node ref="U1" pin="32" pinfunction="VREF+" pintype="bidirectional"/>
    </net>
    <net code="33" name="unconnected-(U1-Pad33)">
      <node ref="U1" pin="33" pinfunction="VDDA" pintype="power_in"/>
    </net>
    <net code="34" name="unconnected-(U1-Pad34)">
      <node ref="U1" pin="34" pinfunction="PA0" pintype="bidirectional"/>
    </net>
    <net code="35" name="unconnected-(U1-Pad35)">
      <node ref="U1" pin="35" pinfunction="PA1" pintype="bidirectional"/>
    </net>
    <net code="36" name="unconnected-(U1-Pad36)">
      <node ref="U1" pin="36" pinfunction="PA2" pintype="bidirectional"/>
    </net>
    <net code="37" name="unconnected-(U1-Pad37)">
      <node ref="U1" pin="37" pinfunction="PA3" pintype="bidirectional"/>
    </net>
    <net code="38" name="unconnected-(U1-Pad38)">
      <node ref="U1" pin="38" pinfunction="VSS" pintype="power_in"/>
    </net>
    <net code="39" name="unconnected-(U1-Pad39)">
      <node ref="U1" pin="39" pinfunction="VDD" pintype="power_in"/>
    </net>
    <net code="40" name="unconnected-(U1-Pad40)">
      <node ref="U1" pin="40" pinfunction="PA4" pintype="bidirectional"/>
    </net>
    <net code="41" name="unconnected-(U1-Pad41)">
      <node ref="U1" pin="41" pinfunction="PA5" pintype="bidirectional"/>
    </net>
    <net code="42" name="unconnected-(U1-Pad42)">
      <node ref="U1" pin="42" pinfunction="PA6" pintype="bidirectional"/>
    </net>
    <net code="43" name="unconnected-(U1-Pad43)">
      <node ref="U1" pin="43" pinfunction="PA7" pintype="bidirectional"/>
    </net>
    <net code="44" name="unconnected-(U1-Pad44)">
      <node ref="U1" pin="44" pinfunction="PC4" pintype="bidirectional"/>
    </net>
    <net code="45" name="unconnected-(U1-Pad45)">
      <node ref="U1" pin="45" pinfunction="PC5" pintype="bidirectional"/>
    </net>
    <net code="46" name="unconnected-(U1-Pad46)">
      <node ref="U1" pin="46" pinfunction="PB0" pintype="bidirectional"/>
    </net>
    <net code="47" name="unconnected-(U1-Pad47)">
      <node ref="U1" pin="47" pinfunction="PB1" pintype="bidirectional"/>
    </net>
    <net code="48" name="unconnected-(U1-Pad48)">
      <node ref="U1" pin="48" pinfunction="PB2" pintype="bidirectional"/>
    </net>
    <net code="49" name="unconnected-(U1-Pad49)">
      <node ref="U1" pin="49" pinfunction="PF11" pintype="bidirectional"/>
    </net>
    <net code="50" name="unconnected-(U1-Pad50)">
      <node ref="U1" pin="50" pinfunction="PF12" pintype="bidirectional"/>
    </net>
    <net code="51" name="unconnected-(U1-Pad51)">
      <node ref="U1" pin="51" pinfunction="VSS" pintype="power_in"/>
    </net>
    <net code="52" name="unconnected-(U1-Pad52)">
      <node ref="U1" pin="52" pinfunction="VDD" pintype="power_in"/>
    </net>
    <net code="53" name="unconnected-(U1-Pad53)">
      <node ref="U1" pin="53" pinfunction="PF13" pintype="bidirectional"/>
    </net>
    <net code="54" name="unconnected-(U1-Pad54)">
      <node ref="U1" pin="54" pinfunction="PF14" pintype="bidirectional"/>
    </net>
    <net code="55" name="unconnected-(U1-Pad55)">
      <node ref="U1" pin="55" pinfunction="PF15" pintype="bidirectional"/>
    </net>
    <net code="56" name="unconnected-(U1-Pad56)">
      <node ref="U1" pin="56" pinfunction="PG0" pintype="bidirectional"/>
    </net>
    <net code="57" name="unconnected-(U1-Pad57)">
      <node ref="U1" pin="57" pinfunction="PG1" pintype="bidirectional"/>
    </net>
    <net code="58" name="unconnected-(U1-Pad58)">
      <node ref="U1" pin="58" pinfunction="PE7" pintype="bidirectional"/>
    </net>
    <net code="59" name="unconnected-(U1-Pad59)">
      <node ref="U1" pin="59" pinfunction="PE8" pintype="bidirectional"/>
    </net>
    <net code="60" name="unconnected-(U1-Pad60)">
      <node ref="U1" pin="60" pinfunction="PE9" pintype="bidirectional"/>
    </net>
    <net code="61" name="unconnected-(U1-Pad61)">
      <node ref="U1" pin="61" pinfunction="VSS" pintype="power_in"/>
    </net>
    <net code="62" name="unconnected-(U1-Pad62)">
      <node ref="U1" pin="62" pinfunction="VDD" pintype="power_in"/>
    </net>
    <net code="63" name="unconnected-(U1-Pad63)">
      <node ref="U1" pin="63" pinfunction="PE10" pintype="bidirectional"/>
    </net>
    <net code="64" name="unconnected-(U1-Pad64)">
      <node ref="U1" pin="64" pinfunction="PE11" pintype="bidirectional"/>
    </net>
    <net code="65" name="unconnected-(U1-Pad65)">
      <node ref="U1" pin="65" pinfunction="PE12" pintype="bidirectional"/>
    </net>
    <net code="66" name="unconnected-(U1-Pad66)">
      <node ref="U1" pin="66" pinfunction="PE13" pintype="bidirectional"/>
    </net>
    <net code="67" name="unconnected-(U1-Pad67)">
      <node ref="U1" pin="67" pinfunction="PE14" pintype="bidirectional"/>
    </net>
    <net code="68" name="unconnected-(U1-Pad68)">
      <node ref="U1" pin="68" pinfunction="PE15" pintype="bidirectional"/>
    </net>
    <net code="69" name="unconnected-(U1-Pad69)">
      <node ref="U1" pin="69" pinfunction="PB10" pintype="bidirectional"/>
    </net>
    <net code="70" name="unconnected-(U1-Pad70)">
      <node ref="U1" pin="70" pinfunction="PB11" pintype="bidirectional"/>
    </net>
    <net code="71" name="unconnected-(U1-Pad71)">
      <node ref="U1" pin="71" pinfunction="VCAP1" pintype="power_in"/>
    </net>
    <net code="72" name="unconnected-(U1-Pad72)">
      <node ref="U1" pin="72" pinfunction="VDD" pintype="power_in"/>
    </net>
    <net code="73" name="unconnected-(U1-Pad73)">
      <node ref="U1" pin="73" pinfunction="PB12" pintype="bidirectional"/>
    </net>
    <net code="74" name="unconnected-(U1-Pad74)">
      <node ref="U1" pin="74" pinfunction="PB13" pintype="bidirectional"/>
    </net>
    <net code="75" name="unconnected-(U1-Pad75)">
      <node ref="U1" pin="75" pinfunction="PB14" pintype="bidirectional"/>
    </net>
    <net code="76" name="unconnected-(U1-Pad76)">
      <node ref="U1" pin="76" pinfunction="PB15" pintype="bidirectional"/>
    </net>
    <net code="77" name="unconnected-(U1-Pad77)">
      <node ref="U1" pin="77" pinfunction="PD8" pintype="bidirectional"/>
    </net>
    <net code="78" name="unconnected-(U1-Pad78)">
      <node ref="U1" pin="78" pinfunction="PD9" pintype="bidirectional"/>
    </net>
    <net code="79" name="unconnected-(U1-Pad79)">
      <node ref="U1" pin="79" pinfunction="PD10" pintype="bidirectional"/>
    </net>
    <net code="80" name="unconnected-(U1-Pad80)">
      <node ref="U1" pin="80" pinfunction="PD11" pintype="bidirectional"/>
    </net>
    <net code="81" name="unconnected-(U1-Pad81)">
      <node ref="U1" pin="81" pinfunction="PD12" pintype="bidirectional"/>
    </net>
    <net code="82" name="unconnected-(U1-Pad82)">
      <node ref="U1" pin="82" pinfunction="PD13" pintype="bidirectional"/>
    </net>
    <net code="83" name="unconnected-(U1-Pad83)">
      <node ref="U1" pin="83" pinfunction="VSS" pintype="power_in"/>
    </net>
    <net code="84" name="unconnected-(U1-Pad84)">
      <node ref="U1" pin="84" pinfunction="VDD" pintype="power_in"/>
    </net>
    <net code="85" name="unconnected-(U1-Pad85)">
      <node ref="U1" pin="85" pinfunction="PD14" pintype="bidirectional"/>
    </net>
    <net code="86" name="unconnected-(U1-Pad86)">
      <node ref="U1" pin="86" pinfunction="PD15" pintype="bidirectional"/>
    </net>
    <net code="87" name="unconnected-(U1-Pad87)">
      <node ref="U1" pin="87" pinfunction="PG2" pintype="bidirectional"/>
    </net>
    <net code="88" name="unconnected-(U1-Pad88)">
      <node ref="U1" pin="88" pinfunction="PG3" pintype="bidirectional"/>
    </net>
    <net code="89" name="unconnected-(U1-Pad89)">
      <node ref="U1" pin="89" pinfunction="PG4" pintype="bidirectional"/>
    </net>
    <net code="90" name="unconnected-(U1-Pad90)">
      <node ref="U1" pin="90" pinfunction="PG5" pintype="bidirectional"/>
    </net>
    <net code="91" name="unconnected-(U1-Pad91)">
      <node ref="U1" pin="91" pinfunction="PG6" pintype="bidirectional"/>
    </net>
    <net code="92" name="unconnected-(U1-Pad92)">
      <node ref="U1" pin="92" pinfunction="PG7" pintype="bidirectional"/>
    </net>
    <net code="93" name="unconnected-(U1-Pad93)">
      <node ref="U1" pin="93" pinfunction="PG8" pintype="bidirectional"/>
    </net>
    <net code="94" name="unconnected-(U1-Pad94)">
      <node ref="U1" pin="94" pinfunction="VSS" pintype="power_in"/>
    </net>
    <net code="95" name="unconnected-(U1-Pad95)">
      <node ref="U1" pin="95" pinfunction="VDD33_USB" pintype="power_in"/>
    </net>
    <net code="96" name="unconnected-(U1-Pad96)">
      <node ref="U1" pin="96" pinfunction="PC6" pintype="bidirectional"/>
    </net>
    <net code="97" name="unconnected-(U1-Pad97)">
      <node ref="U1" pin="97" pinfunction="PC7" pintype="bidirectional"/>
    </net>
    <net code="98" name="unconnected-(U1-Pad98)">
      <node ref="U1" pin="98" pinfunction="PC8" pintype="bidirectional"/>
    </net>
    <net code="99" name="unconnected-(U1-Pad99)">
      <node ref="U1" pin="99" pinfunction="PC9" pintype="bidirectional"/>
    </net>
    <net code="100" name="unconnected-(U1-Pad100)">
      <node ref="U1" pin="100" pinfunction="PA8" pintype="bidirectional"/>
    </net>
    <net code="101" name="unconnected-(U1-Pad101)">
      <node ref="U1" pin="101" pinfunction="PA9" pintype="bidirectional"/>
    </net>
    <net code="102" name="unconnected-(U1-Pad102)">
      <node ref="U1" pin="102" pinfunction="PA10" pintype="bidirectional"/>
    </net>
    <net code="103" name="unconnected-(U1-Pad103)">
      <node ref="U1" pin="103" pinfunction="PA11" pintype="bidirectional"/>
    </net>
    <net code="104" name="unconnected-(U1-Pad104)">
      <node ref="U1" pin="104" pinfunction="PA12" pintype="bidirectional"/>
    </net>
    <net code="105" name="unconnected-(U1-Pad105)">
      <node ref="U1" pin="105" pinfunction="PA13" pintype="bidirectional"/>
    </net>
    <net code="106" name="unconnected-(U1-Pad106)">
      <node ref="U1" pin="106" pinfunction="VCAP2" pintype="power_in"/>
    </net>
    <net code="107" name="unconnected-(U1-Pad107)">
      <node ref="U1" pin="107" pinfunction="VSS" pintype="power_in"/>
    </net>
    <net code="108" name="unconnected-(U1-Pad108)">
      <node ref="U1" pin="108" pinfunction="VDD" pintype="power_in"/>
    </net>
    <net code="109" name="unconnected-(U1-Pad109)">
      <node ref="U1" pin="109" pinfunction="PA14" pintype="bidirectional"/>
    </net>
    <net code="110" name="unconnected-(U1-Pad110)">
      <node ref="U1" pin="110" pinfunction="PA15" pintype="bidirectional"/>
    </net>
    <net code="111" name="unconnected-(U1-Pad111)">
      <node ref="U1" pin="111" pinfunction="PC10" pintype="bidirectional"/>
    </net>
    <net code="112" name="unconnected-(U1-Pad112)">
      <node ref="U1" pin="112" pinfunction="PC11" pintype="bidirectional"/>
    </net>
    <net code="113" name="unconnected-(U1-Pad113)">
      <node ref="U1" pin="113" pinfunction="PC12" pintype="bidirectional"/>
    </net>
    <net code="114" name="unconnected-(U1-Pad114)">
      <node ref="U1" pin="114" pinfunction="PD0" pintype="bidirectional"/>
    </net>
    <net code="115" name="unconnected-(U1-Pad115)">
      <node ref="U1" pin="115" pinfunction="PD1" pintype="bidirectional"/>
    </net>
    <net code="116" name="unconnected-(U1-Pad116)">
      <node ref="U1" pin="116" pinfunction="PD2" pintype="bidirectional"/>
    </net>
    <net code="117" name="unconnected-(U1-Pad117)">
      <node ref="U1" pin="117" pinfunction="PD3" pintype="bidirectional"/>
    </net>
    <net code="118" name="unconnected-(U1-Pad118)">
      <node ref="U1" pin="118" pinfunction="PD4" pintype="bidirectional"/>
    </net>
    <net code="119" name="unconnected-(U1-Pad119)">
      <node ref="U1" pin="119" pinfunction="PD5" pintype="bidirectional"/>
    </net>
    <net code="120" name="unconnected-(U1-Pad120)">
      <node ref="U1" pin="120" pinfunction="VSS" pintype="power_in"/>
    </net>
    <net code="121" name="unconnected-(U1-Pad121)">
      <node ref="U1" pin="121" pinfunction="VDD" pintype="power_in"/>
    </net>
    <net code="122" name="unconnected-(U1-Pad122)">
      <node ref="U1" pin="122" pinfunction="PD6" pintype="bidirectional"/>
    </net>
    <net code="123" name="unconnected-(U1-Pad123)">
      <node ref="U1" pin="123" pinfunction="PD7" pintype="bidirectional"/>
    </net>
    <net code="124" name="unconnected-(U1-Pad124)">
      <node ref="U1" pin="124" pinfunction="PG9" pintype="bidirectional"/>
    </net>
    <net code="125" name="unconnected-(U1-Pad125)">
      <node ref="U1" pin="125" pinfunction="PG10" pintype="bidirectional"/>
    </net>
    <net code="126" name="unconnected-(U1-Pad126)">
      <node ref="U1" pin="126" pinfunction="PG11" pintype="bidirectional"/>
    </net>
    <net code="127" name="unconnected-(U1-Pad127)">
      <node ref="U1" pin="127" pinfunction="PG12" pintype="bidirectional"/>
    </net>
    <net code="128" name="unconnected-(U1-Pad128)">
      <node ref="U1" pin="128" pinfunction="PG13" pintype="bidirectional"/>
    </net>
    <net code="129" name="unconnected-(U1-Pad129)">
      <node ref="U1" pin="129" pinfunction="PG14" pintype="bidirectional"/>
    </net>
    <net code="130" name="unconnected-(U1-Pad130)">
      <node ref="U1" pin="130" pinfunction="VSS" pintype="power_in"/>
    </net>
    <net code="131" name="unconnected-(U1-Pad131)">
      <node ref="U1" pin="131" pinfunction="VDD" pintype="power_in"/>
    </net>
    <net code="132" name="unconnected-(U1-Pad132)">
      <node ref="U1" pin="132" pinfunction="PG15" pintype="bidirectional"/>
    </net>
    <net code="133" name="unconnected-(U1-Pad133)">
      <node ref="U1" pin="133" pinfunction="PB3" pintype="bidirectional"/>
    </net>
    <net code="134" name="unconnected-(U1-Pad134)">
      <node ref="U1" pin="134" pinfunction="PB4" pintype="bidirectional"/>
    </net>
    <net code="135" name="unconnected-(U1-Pad135)">
      <node ref="U1" pin="135" pinfunction="PB5" pintype="bidirectional"/>
    </net>
    <net code="136" name="unconnected-(U1-Pad136)">
      <node ref="U1" pin="136" pinfunction="PB6" pintype="bidirectional"/>
    </net>
    <net code="137" name="unconnected-(U1-Pad137)">
      <node ref="U1" pin="137" pinfunction="PB7" pintype="bidirectional"/>
    </net>
    <net code="138" name="unconnected-(U1-Pad138)">
      <node ref="U1" pin="138" pinfunction="BOOT0" pintype="input"/>
    </net>
    <net code="139" name="unconnected-(U1-Pad139)">
      <node ref="U1" pin="139" pinfunction="PB8" pintype="bidirectional"/>
    </net>
    <net code="140" name="unconnected-(U1-Pad140)">
      <node ref="U1" pin="140" pinfunction="PB9" pintype="bidirectional"/>
    </net>
    <net code="141" name="unconnected-(U1-Pad141)">
      <node ref="U1" pin="141" pinfunction="PE0" pintype="bidirectional"/>
    </net>
    <net code="142" name="unconnected-(U1-Pad142)">
      <node ref="U1" pin="142" pinfunction="PE1" pintype="bidirectional"/>
    </net>
    <net code="143" name="unconnected-(U1-Pad143)">
      <node ref="U1" pin="143" pinfunction="PDR_ON" pintype="input"/>
    </net>
    <net code="144" name="unconnected-(U1-Pad144)">
      <node ref="U1" pin="144" pinfunction="VDD" pintype="power_in"/>
    </net>
  </nets>
</export>
